지점,지점명,일시,평균기온(°C),일강수량(mm),평균 상대습도(%)
108,서울,2018-01-01,-1.3,,39.1
108,서울,2018-01-02,-1.8,,42
108,서울,2018-01-03,-4.7,,42.3
108,서울,2018-01-04,-4.7,,43
108,서울,2018-01-05,-3,,48.4
108,서울,2018-01-06,-2.8,,45.8
108,서울,2018-01-07,-.8,,42.1
108,서울,2018-01-08,1.3,.9,51.9
108,서울,2018-01-09,-4.2,.5,59.4
108,서울,2018-01-10,-7.5,.3,52
108,서울,2018-01-11,-11.1,,49.8
108,서울,2018-01-12,-10.2,0,35.4
108,서울,2018-01-13,-4.4,.4,67.3
108,서울,2018-01-14,.6,,64.1
108,서울,2018-01-15,4.7,.2,63.9
108,서울,2018-01-16,3.5,0,59.1
108,서울,2018-01-17,4.5,,64.1
108,서울,2018-01-18,2.1,0,59.6
108,서울,2018-01-19,1,,43
108,서울,2018-01-20,2.2,,57.6
108,서울,2018-01-21,.4,,36.6
108,서울,2018-01-22,.2,3.3,56.5
108,서울,2018-01-23,-11.7,,42
108,서울,2018-01-24,-14.2,,31.6
108,서울,2018-01-25,-14,,32.6
108,서울,2018-01-26,-14.8,,34.9
108,서울,2018-01-27,-9.9,,37.4
108,서울,2018-01-28,-6.3,,36
108,서울,2018-01-29,-8.5,,35
108,서울,2018-01-30,-5.3,2.9,62
108,서울,2018-01-31,-2.6,0,54.5
108,서울,2018-02-01,-4,,44.1
108,서울,2018-02-02,-2.4,,51.1
108,서울,2018-02-03,-7.3,.5,47
108,서울,2018-02-04,-9.5,,40.9
108,서울,2018-02-05,-9.4,,37.8
108,서울,2018-02-06,-10.1,,36.5
108,서울,2018-02-07,-8,,39.8
108,서울,2018-02-08,-4.4,,43.3
108,서울,2018-02-09,.4,,43.9
108,서울,2018-02-10,-.5,,47.4
108,서울,2018-02-11,-6.1,0,42.5
108,서울,2018-02-12,-5.8,0,40.8
108,서울,2018-02-13,-.8,,54.5
108,서울,2018-02-14,3.5,,51
108,서울,2018-02-15,-.7,,28
108,서울,2018-02-16,-1.1,,40.1
108,서울,2018-02-17,-3,,25.6
108,서울,2018-02-18,-.4,,26.9
108,서울,2018-02-19,1.8,,48.6
108,서울,2018-02-20,.9,,41
108,서울,2018-02-21,-.9,,31.5
108,서울,2018-02-22,1.3,.4,59
108,서울,2018-02-23,4.2,3.7,81.1
108,서울,2018-02-24,2.4,,49.4
108,서울,2018-02-25,1.9,,40.6
108,서울,2018-02-26,3.1,,43.1
108,서울,2018-02-27,4.2,,48.8
108,서울,2018-02-28,4.6,25,73.3
108,서울,2018-03-01,-.2,.5,61.9
108,서울,2018-03-02,-.7,,34
108,서울,2018-03-03,7.9,0,38.1
108,서울,2018-03-04,9.8,11.5,89.1
108,서울,2018-03-05,5.5,3.5,67.5
108,서울,2018-03-06,4.5,,46.8
108,서울,2018-03-07,6.4,.5,54
108,서울,2018-03-08,4.6,4,76
108,서울,2018-03-09,4.5,,63.3
108,서울,2018-03-10,4.6,,65.8
108,서울,2018-03-11,6.4,,51.3
108,서울,2018-03-12,8,,45.8
108,서울,2018-03-13,12.4,,60.5
108,서울,2018-03-14,17,,58.8
108,서울,2018-03-15,12.4,27,92.1
108,서울,2018-03-16,7.1,,46.9
108,서울,2018-03-17,6.6,,48
108,서울,2018-03-18,8.2,.5,55.9
108,서울,2018-03-19,8,1,64.5
108,서울,2018-03-20,4.7,,39.9
108,서울,2018-03-21,2.1,1,64.1
108,서울,2018-03-22,4.9,,61.5
108,서울,2018-03-23,6.1,,55.3
108,서울,2018-03-24,7.6,,61.9
108,서울,2018-03-25,9.6,,65.6
108,서울,2018-03-26,11,,64.5
108,서울,2018-03-27,13.3,,61.1
108,서울,2018-03-28,14,,66.4
108,서울,2018-03-29,15.4,,66.3
108,서울,2018-03-30,14.8,,55.6
108,서울,2018-03-31,14,,52.9
108,서울,2018-04-01,15.6,,68.8
108,서울,2018-04-02,18.4,,64
108,서울,2018-04-03,17.8,.1,72.9
108,서울,2018-04-04,13.4,18.5,67
108,서울,2018-04-05,7.6,10.5,90.6
108,서울,2018-04-06,5.8,6.5,71.6
108,서울,2018-04-07,4.2,.2,45.5
108,서울,2018-04-08,3.9,3,59.6
108,서울,2018-04-09,7.9,,57.9
108,서울,2018-04-10,15.1,5,51
108,서울,2018-04-11,12.6,,49.4
108,서울,2018-04-12,13.3,,30.5
108,서울,2018-04-13,14.6,,22.9
108,서울,2018-04-14,9,9,78.8
108,서울,2018-04-15,9.5,,65.5
108,서울,2018-04-16,11.6,,41.9
108,서울,2018-04-17,12.9,,37.9
108,서울,2018-04-18,12.4,,35.4
108,서울,2018-04-19,14,,38.8
108,서울,2018-04-20,18.4,,46
108,서울,2018-04-21,18.7,,32
108,서울,2018-04-22,15.5,15.5,57.4
108,서울,2018-04-23,9.3,59,93.9
108,서울,2018-04-24,12.1,3,63.3
108,서울,2018-04-25,14.6,,37.8
108,서울,2018-04-26,14.9,,51.9
108,서울,2018-04-27,15.7,,52.9
108,서울,2018-04-28,15.4,,49
108,서울,2018-04-29,16.2,,43.1
108,서울,2018-04-30,19.2,,61.6
108,서울,2018-05-01,20.4,0,72.8
108,서울,2018-05-02,15.1,12,90.4
108,서울,2018-05-03,11.2,1,62.4
108,서울,2018-05-04,14.1,,45.5
108,서울,2018-05-05,18.3,,46.8
108,서울,2018-05-06,16.6,22,86.4
108,서울,2018-05-07,19.2,,60.3
108,서울,2018-05-08,17.5,,50.9
108,서울,2018-05-09,15.7,,50.4
108,서울,2018-05-10,15.4,,67.4
108,서울,2018-05-11,16.1,,59.8
108,서울,2018-05-12,14.2,32,89.3
108,서울,2018-05-13,15.8,.5,82.5
108,서울,2018-05-14,18.2,,71.4
108,서울,2018-05-15,23.2,0,56.4
108,서울,2018-05-16,22.3,45,93.8
108,서울,2018-05-17,20.9,83,97
108,서울,2018-05-18,16.3,6.5,86.8
108,서울,2018-05-19,17.6,,47.5
108,서울,2018-05-20,17,,32.1
108,서울,2018-05-21,17.8,,43.9
108,서울,2018-05-22,18.1,12.5,75.5
108,서울,2018-05-23,17.3,6.5,57.1
108,서울,2018-05-24,18.3,,47.4
108,서울,2018-05-25,19.7,,47.4
108,서울,2018-05-26,21.8,,50.1
108,서울,2018-05-27,20.3,,47.4
108,서울,2018-05-28,22.3,,49.8
108,서울,2018-05-29,21.4,1,69.3
108,서울,2018-05-30,20.2,0,69.8
108,서울,2018-05-31,20.9,,58.9
108,서울,2018-06-01,23.8,,50.4
108,서울,2018-06-02,23.4,,44.5
108,서울,2018-06-03,24,,39.4
108,서울,2018-06-04,22.6,,50.1
108,서울,2018-06-05,23.7,,52.5
108,서울,2018-06-06,23,,62.9
108,서울,2018-06-07,22.2,,69.3
108,서울,2018-06-08,21.9,,68
108,서울,2018-06-09,23.7,.5,60.6
108,서울,2018-06-10,21.3,.5,59.9
108,서울,2018-06-11,20.2,5,67.3
108,서울,2018-06-12,21.3,0,65.5
108,서울,2018-06-13,22,0,64
108,서울,2018-06-14,21.6,29,74.9
108,서울,2018-06-15,21.7,16.5,60.8
108,서울,2018-06-16,22.5,,56.4
108,서울,2018-06-17,22.8,,66.9
108,서울,2018-06-18,24.8,,54.9
108,서울,2018-06-19,22.4,,61.3
108,서울,2018-06-20,22.7,,68.1
108,서울,2018-06-21,23.7,,60.1
108,서울,2018-06-22,25,,45.1
108,서울,2018-06-23,24.5,,50.6
108,서울,2018-06-24,25.2,,62.8
108,서울,2018-06-25,27.1,,57.1
108,서울,2018-06-26,22.3,71.5,88.3
108,서울,2018-06-27,22.3,1,81.9
108,서울,2018-06-28,23.3,26.5,85.1
108,서울,2018-06-29,24.7,6.5,78.5
108,서울,2018-06-30,24.4,14.5,83.8
108,서울,2018-07-01,21.9,83.5,94.6
108,서울,2018-07-02,22.6,59.5,95.4
108,서울,2018-07-03,27.4,.1,74.4
108,서울,2018-07-04,27.3,,69.6
108,서울,2018-07-05,25.3,.5,72.8
108,서울,2018-07-06,23.9,,57.8
108,서울,2018-07-07,23.7,,51.4
108,서울,2018-07-08,23.3,,51.5
108,서울,2018-07-09,20.8,14,82.3
108,서울,2018-07-10,23.7,16.5,87.8
108,서울,2018-07-11,26.8,3,82.9
108,서울,2018-07-12,26.6,1,82.4
108,서울,2018-07-13,27.3,,74.8
108,서울,2018-07-14,27.9,0,69.6
108,서울,2018-07-15,28.3,,69.6
108,서울,2018-07-16,28.7,,64.3
108,서울,2018-07-17,28.1,,66.5
108,서울,2018-07-18,28.2,,64.8
108,서울,2018-07-19,28.7,,64.1
108,서울,2018-07-20,29.5,,62.6
108,서울,2018-07-21,30.6,,53.6
108,서울,2018-07-22,31.8,,49.6
108,서울,2018-07-23,31.7,,53.8
108,서울,2018-07-24,31.4,,59.5
108,서울,2018-07-25,30.1,,66.3
108,서울,2018-07-26,30.1,,68.8
108,서울,2018-07-27,30.9,,69.3
108,서울,2018-07-28,29.5,7.5,77.1
108,서울,2018-07-29,31.3,,52.4
108,서울,2018-07-30,31.7,,50.9
108,서울,2018-07-31,32.6,,50.5
108,서울,2018-08-01,33.6,,55.5
108,서울,2018-08-02,33.7,,54.4
108,서울,2018-08-03,33.1,,55.3
108,서울,2018-08-04,31.1,,60.6
108,서울,2018-08-05,30,2,71.8
108,서울,2018-08-06,30.5,6.5,71.6
108,서울,2018-08-07,30.5,,63.4
108,서울,2018-08-08,31,,64.8
108,서울,2018-08-09,28.8,2,76.3
108,서울,2018-08-10,30.7,,60.9
108,서울,2018-08-11,31,,55.8
108,서울,2018-08-12,30.6,5,61.3
108,서울,2018-08-13,30.5,1,68.6
108,서울,2018-08-14,31.7,,58.3
108,서울,2018-08-15,31.7,1,59.5
108,서울,2018-08-16,29.9,,51
108,서울,2018-08-17,27.2,,39.8
108,서울,2018-08-18,26.7,,44.6
108,서울,2018-08-19,28.2,,50.6
108,서울,2018-08-20,29.1,0,55.6
108,서울,2018-08-21,26.6,5,71.4
108,서울,2018-08-22,30.7,,54.1
108,서울,2018-08-23,29.4,3,59.1
108,서울,2018-08-24,24.4,7.5,86.3
108,서울,2018-08-25,25.2,,68
108,서울,2018-08-26,23.2,2,70
108,서울,2018-08-27,22.7,19.5,91
108,서울,2018-08-28,23.7,96.5,92.4
108,서울,2018-08-29,25.2,42,86
108,서울,2018-08-30,25.3,9.5,80.9
108,서울,2018-08-31,25.6,.1,67.4
108,서울,2018-09-01,25.5,,59.4
108,서울,2018-09-02,25.1,,55.8
108,서울,2018-09-03,23.3,34.5,85.3
108,서울,2018-09-04,23.2,,69.4
108,서울,2018-09-05,24,,63.5
108,서울,2018-09-06,24.1,1,69.9
108,서울,2018-09-07,22,.5,54.6
108,서울,2018-09-08,21.7,,48.8
108,서울,2018-09-09,22.2,,49
108,서울,2018-09-10,22.9,,49.5
108,서울,2018-09-11,21.6,,48.1
108,서울,2018-09-12,22.8,,52
108,서울,2018-09-13,23.5,,63.5
108,서울,2018-09-14,23.5,.5,66.9
108,서울,2018-09-15,23.3,.2,76
108,서울,2018-09-16,22.2,2,83.6
108,서울,2018-09-17,22.3,.1,64.3
108,서울,2018-09-18,22,,59.8
108,서울,2018-09-19,22.1,.2,59.1
108,서울,2018-09-20,19,5,82.4
108,서울,2018-09-21,19.4,18,85.8
108,서울,2018-09-22,20.8,6.5,62.3
108,서울,2018-09-23,19.4,0,52.9
108,서울,2018-09-24,17.6,,48.3
108,서울,2018-09-25,17.8,,48
108,서울,2018-09-26,19.4,,47.9
108,서울,2018-09-27,18.9,,47.6
108,서울,2018-09-28,17.5,,58.1
108,서울,2018-09-29,20.2,,55.5
108,서울,2018-09-30,17.6,,52.5
108,서울,2018-10-01,15.4,0,55.1
108,서울,2018-10-02,15.9,,61.4
108,서울,2018-10-03,17.3,,58
108,서울,2018-10-04,19.3,,56.5
108,서울,2018-10-05,16.9,36.5,84.1
108,서울,2018-10-06,18,55.5,84
108,서울,2018-10-07,16.4,,53.5
108,서울,2018-10-08,14.8,,47
108,서울,2018-10-09,15.3,0,52.5
108,서울,2018-10-10,12,7,61
108,서울,2018-10-11,9.7,,51
108,서울,2018-10-12,10.9,,54
108,서울,2018-10-13,12.5,,54
108,서울,2018-10-14,13.2,,60
108,서울,2018-10-15,15.2,,69.9
108,서울,2018-10-16,14.5,,55.9
108,서울,2018-10-17,12.4,,53.3
108,서울,2018-10-18,12.7,,59.5
108,서울,2018-10-19,13.1,,54.3
108,서울,2018-10-20,13.4,,53.9
108,서울,2018-10-21,13.4,,49.5
108,서울,2018-10-22,14,,50
108,서울,2018-10-23,12.2,5,75.1
108,서울,2018-10-24,12.5,,66
108,서울,2018-10-25,13.8,,55.5
108,서울,2018-10-26,12.2,11,74.1
108,서울,2018-10-27,8.7,,49.6
108,서울,2018-10-28,8.3,5.5,77.1
108,서울,2018-10-29,7.2,0,57.3
108,서울,2018-10-30,6.1,0,51.3
108,서울,2018-10-31,7.4,0,55.4
108,서울,2018-11-01,8.4,,53.4
108,서울,2018-11-02,10.6,,54.9
108,서울,2018-11-03,11.2,,56
108,서울,2018-11-04,11.6,,55
108,서울,2018-11-05,11.9,,65.5
108,서울,2018-11-06,12.2,,70.5
108,서울,2018-11-07,12.8,2,79.5
108,서울,2018-11-08,11.8,64,93.8
108,서울,2018-11-09,12.1,1,69
108,서울,2018-11-10,11.9,0,69.1
108,서울,2018-11-11,8.1,0,67.6
108,서울,2018-11-12,8.1,,52.3
108,서울,2018-11-13,8.8,,51.6
108,서울,2018-11-14,9.8,,55.5
108,서울,2018-11-15,9.7,,55.4
108,서울,2018-11-16,8.8,,65.1
108,서울,2018-11-17,4.9,,50.8
108,서울,2018-11-18,6.1,,48.8
108,서울,2018-11-19,6.5,,50.4
108,서울,2018-11-20,6.5,.2,39.9
108,서울,2018-11-21,5.8,1,57.1
108,서울,2018-11-22,2.3,,35
108,서울,2018-11-23,1.9,,29.6
108,서울,2018-11-24,2.6,10.9,71.1
108,서울,2018-11-25,4.8,,77.8
108,서울,2018-11-26,6.3,,70.1
108,서울,2018-11-27,7.1,,65
108,서울,2018-11-28,5,,27.1
108,서울,2018-11-29,3.5,0,41.4
108,서울,2018-11-30,2.7,,46.1
108,서울,2018-12-01,5.5,,42.3
108,서울,2018-12-02,8.2,,50.1
108,서울,2018-12-03,11.5,9.5,87.4
108,서울,2018-12-04,6.7,5,74.9
108,서울,2018-12-05,0,,39.5
108,서울,2018-12-06,2.4,0,50.5
108,서울,2018-12-07,-7.3,,37.1
108,서울,2018-12-08,-8.3,,37.1
108,서울,2018-12-09,-7.2,,27
108,서울,2018-12-10,-2.5,,33.3
108,서울,2018-12-11,.2,,44.8
108,서울,2018-12-12,-1.9,,39
108,서울,2018-12-13,-2.2,1.3,57.4
108,서울,2018-12-14,-4.4,,44.3
108,서울,2018-12-15,-2.4,,46.8
108,서울,2018-12-16,0,.3,63.8
108,서울,2018-12-17,1.6,.3,60.1
108,서울,2018-12-18,2.6,,56.3
108,서울,2018-12-19,4,,53.4
108,서울,2018-12-20,3.4,,45.5
108,서울,2018-12-21,5.6,,40.1
108,서울,2018-12-22,6.9,,48.9
108,서울,2018-12-23,2.4,,43
108,서울,2018-12-24,-2.3,,35.9
108,서울,2018-12-25,.6,,53.4
108,서울,2018-12-26,-1.5,,40.8
108,서울,2018-12-27,-10.1,,28.3
108,서울,2018-12-28,-10.5,,33
108,서울,2018-12-29,-7.6,,29
108,서울,2018-12-30,-6.8,,35.9
108,서울,2018-12-31,-5.4,,39.6
108,서울,2019-01-01,-5,,49.5
108,서울,2019-01-02,-4.9,,42.8
108,서울,2019-01-03,-3.5,,38.8
108,서울,2019-01-04,-1.1,,55.5
108,서울,2019-01-05,-2.8,,40.3
108,서울,2019-01-06,-2.8,,35
108,서울,2019-01-07,-1.9,,46.4
108,서울,2019-01-08,-3.5,,31
108,서울,2019-01-09,-4.7,,28.8
108,서울,2019-01-10,-.6,,48.8
108,서울,2019-01-11,2.4,,58.8
108,서울,2019-01-12,2.8,,47.6
108,서울,2019-01-13,1.2,,54.3
108,서울,2019-01-14,1.4,,68.6
108,서울,2019-01-15,-1.7,0,58.8
108,서울,2019-01-16,-5.2,0,45.9
108,서울,2019-01-17,-.3,0,45.8
108,서울,2019-01-18,.6,,44
108,서울,2019-01-19,3.6,,59.8
108,서울,2019-01-20,-1.4,,38.5
108,서울,2019-01-21,-1.2,0,57.8
108,서울,2019-01-22,1.7,,62
108,서울,2019-01-23,2,,48.9
108,서울,2019-01-24,.1,,34.9
108,서울,2019-01-25,-1.2,,27.6
108,서울,2019-01-26,-2.5,,30.9
108,서울,2019-01-27,-.1,,52.5
108,서울,2019-01-28,1.2,0,40.4
108,서울,2019-01-29,-.2,,35.5
108,서울,2019-01-30,1.8,,54.6
108,서울,2019-01-31,-2,,29
108,서울,2019-02-01,-2.1,.3,47.6
108,서울,2019-02-02,1.4,0,60
108,서울,2019-02-03,3.3,16,92.9
108,서울,2019-02-04,-.6,,40.4
108,서울,2019-02-05,2.8,,37.1
108,서울,2019-02-06,5.1,,54.9
108,서울,2019-02-07,-2.1,.5,45.5
108,서울,2019-02-08,-6.1,,31.5
108,서울,2019-02-09,-5.4,,30
108,서울,2019-02-10,-5,,31.3
108,서울,2019-02-11,-3,,34.9
108,서울,2019-02-12,-.6,0,35.5
108,서울,2019-02-13,-2.1,,26.6
108,서울,2019-02-14,-.5,,24.3
108,서울,2019-02-15,-.8,2.2,72.8
108,서울,2019-02-16,-2.7,.2,59
108,서울,2019-02-17,-1.8,,47.4
108,서울,2019-02-18,.9,,43.5
108,서울,2019-02-19,1.4,4.6,80.8
108,서울,2019-02-20,1.7,0,67.8
108,서울,2019-02-21,2.4,,59.4
108,서울,2019-02-22,4,,56.1
108,서울,2019-02-23,6.8,,41
108,서울,2019-02-24,6.3,,45
108,서울,2019-02-25,4.7,,55.8
108,서울,2019-02-26,5.2,,32.8
108,서울,2019-02-27,7.8,,31.3
108,서울,2019-02-28,6.6,,39.5
108,서울,2019-03-01,6.6,,42.3
108,서울,2019-03-02,7.8,,37.6
108,서울,2019-03-03,9.4,,36.4
108,서울,2019-03-04,9.9,,46.1
108,서울,2019-03-05,8.4,,66.3
108,서울,2019-03-06,8.4,,55
108,서울,2019-03-07,7,,51.1
108,서울,2019-03-08,6.1,,39.4
108,서울,2019-03-09,7.2,,31.8
108,서울,2019-03-10,10.1,,26.4
108,서울,2019-03-11,6.6,0,61
108,서울,2019-03-12,3.9,0,55.1
108,서울,2019-03-13,3.5,0,38.5
108,서울,2019-03-14,5,0,45.3
108,서울,2019-03-15,5.5,3.5,72.8
108,서울,2019-03-16,4.3,,69.9
108,서울,2019-03-17,6.3,,55.4
108,서울,2019-03-18,7.1,,43.8
108,서울,2019-03-19,10,,52
108,서울,2019-03-20,10.3,16.5,79
108,서울,2019-03-21,7.1,3.3,77.4
108,서울,2019-03-22,3.3,,40.9
108,서울,2019-03-23,3.3,1.7,46.9
108,서울,2019-03-24,4.3,,45.4
108,서울,2019-03-25,7.3,,56.1
108,서울,2019-03-26,11.4,,51.1
108,서울,2019-03-27,11.6,,66.4
108,서울,2019-03-28,9.4,,49.9
108,서울,2019-03-29,9.2,,33.1
108,서울,2019-03-30,5.2,1.8,72
108,서울,2019-03-31,4.4,0,46
108,서울,2019-04-01,5.5,,39.8
108,서울,2019-04-02,6.7,,36.9
108,서울,2019-04-03,7.6,,36.1
108,서울,2019-04-04,9.2,,43
108,서울,2019-04-05,11.4,0,41
108,서울,2019-04-06,9.3,.8,39.9
108,서울,2019-04-07,12.6,,43.1
108,서울,2019-04-08,11.6,,25.6
108,서울,2019-04-09,9.2,17.4,49.1
108,서울,2019-04-10,7.1,5.6,78.4
108,서울,2019-04-11,9.5,,58
108,서울,2019-04-12,11.4,,48.5
108,서울,2019-04-13,11.8,,34
108,서울,2019-04-14,9.6,1.7,45.5
108,서울,2019-04-15,11.6,,30.9
108,서울,2019-04-16,14.9,,26.3
108,서울,2019-04-17,15.3,,37.5
108,서울,2019-04-18,12.6,0,74.4
108,서울,2019-04-19,13.8,,57.5
108,서울,2019-04-20,14.3,1.2,66.9
108,서울,2019-04-21,14.8,.3,77.8
108,서울,2019-04-22,19.3,,50.6
108,서울,2019-04-23,20.4,0,52
108,서울,2019-04-24,19.5,4.1,70.4
108,서울,2019-04-25,13.2,11.3,75.9
108,서울,2019-04-26,8.4,4.9,82.1
108,서울,2019-04-27,11.6,,52.6
108,서울,2019-04-28,12.9,0,48.8
108,서울,2019-04-29,13,,52.9
108,서울,2019-04-30,15.5,,52.8
108,서울,2019-05-01,16.4,,48.9
108,서울,2019-05-02,17.1,,28.5
108,서울,2019-05-03,17.9,,37.5
108,서울,2019-05-04,19.5,,40.4
108,서울,2019-05-05,19.2,,35.8
108,서울,2019-05-06,14.5,0,27.1
108,서울,2019-05-07,15,,33.4
108,서울,2019-05-08,15.6,,48.3
108,서울,2019-05-09,16.6,,43.3
108,서울,2019-05-10,17.8,,48
108,서울,2019-05-11,20.3,,39
108,서울,2019-05-12,21.6,,36
108,서울,2019-05-13,18.7,0,43.4
108,서울,2019-05-14,19.6,,44.5
108,서울,2019-05-15,20.7,,48.1
108,서울,2019-05-16,23.5,,43.8
108,서울,2019-05-17,23.6,,44.9
108,서울,2019-05-18,22.8,0,46.8
108,서울,2019-05-19,19.4,22,93
108,서울,2019-05-20,16.4,8.7,63.6
108,서울,2019-05-21,17.2,,52
108,서울,2019-05-22,19.5,,46
108,서울,2019-05-23,22.1,,45
108,서울,2019-05-24,24.2,,46.4
108,서울,2019-05-25,23.4,,45.6
108,서울,2019-05-26,24.5,,39
108,서울,2019-05-27,17.8,7.1,80.9
108,서울,2019-05-28,18.1,,45.9
108,서울,2019-05-29,20.3,,48.4
108,서울,2019-05-30,19.6,0,48
108,서울,2019-05-31,19.1,,49.6
108,서울,2019-06-01,18.9,,60.5
108,서울,2019-06-02,21.1,,42.1
108,서울,2019-06-03,23.1,,42.9
108,서울,2019-06-04,22.6,,56.4
108,서울,2019-06-05,23,,63.8
108,서울,2019-06-06,21.2,7.5,75.9
108,서울,2019-06-07,20,35.3,77.3
108,서울,2019-06-08,21.9,,57.5
108,서울,2019-06-09,21.6,2.5,66.1
108,서울,2019-06-10,18.4,9.5,70.3
108,서울,2019-06-11,20.5,,51.1
108,서울,2019-06-12,21.5,,57.1
108,서울,2019-06-13,23,,51.9
108,서울,2019-06-14,23,,54.8
108,서울,2019-06-15,21.9,2.1,61.5
108,서울,2019-06-16,22,,55.4
108,서울,2019-06-17,21.7,0,59.1
108,서울,2019-06-18,20.8,13.8,78.6
108,서울,2019-06-19,21.4,.2,77.8
108,서울,2019-06-20,22.7,,70.6
108,서울,2019-06-21,22.1,.2,72.9
108,서울,2019-06-22,24.2,,42.3
108,서울,2019-06-23,25,,40.4
108,서울,2019-06-24,25.2,,46.9
108,서울,2019-06-25,25.6,,49.1
108,서울,2019-06-26,25.5,0,52.6
108,서울,2019-06-27,25.5,1.4,70.5
108,서울,2019-06-28,24.7,0,67.3
108,서울,2019-06-29,23.1,1.5,72
108,서울,2019-06-30,23.9,0,73.5
108,서울,2019-07-01,23.9,,64.4
108,서울,2019-07-02,24.4,,63.5
108,서울,2019-07-03,24.1,,64.6
108,서울,2019-07-04,25.4,,59.6
108,서울,2019-07-05,27.6,0,42.1
108,서울,2019-07-06,29.7,,40.9
108,서울,2019-07-07,26.7,,43.3
108,서울,2019-07-08,25.1,,46.6
108,서울,2019-07-09,25,,46.4
108,서울,2019-07-10,22.7,8.5,64.1
108,서울,2019-07-11,21.9,2.9,76.9
108,서울,2019-07-12,23.6,,65.5
108,서울,2019-07-13,24.9,0,67.3
108,서울,2019-07-14,25.9,,64.6
108,서울,2019-07-15,23.8,7.7,80
108,서울,2019-07-16,24.7,6.3,79
108,서울,2019-07-17,25.6,.7,73.9
108,서울,2019-07-18,26.9,,65
108,서울,2019-07-19,28.6,0,61.3
108,서울,2019-07-20,28,1.1,66.9
108,서울,2019-07-21,25.1,6.2,87.1
108,서울,2019-07-22,26.7,.1,74.6
108,서울,2019-07-23,28.1,,70.8
108,서울,2019-07-24,26.5,1,82.3
108,서울,2019-07-25,26.3,9.7,90.1
108,서울,2019-07-26,25.1,60,95.3
108,서울,2019-07-27,28.4,.6,76.6
108,서울,2019-07-28,26.1,25.6,88.3
108,서울,2019-07-29,27.5,.5,74.5
108,서울,2019-07-30,28.1,1.2,75.3
108,서울,2019-07-31,25.8,62.3,91.1
108,서울,2019-08-01,26.3,26.9,86.4
108,서울,2019-08-02,28.4,,74.6
108,서울,2019-08-03,29.4,3,69
108,서울,2019-08-04,28.3,8.6,75.9
108,서울,2019-08-05,30.5,,65.5
108,서울,2019-08-06,31.6,,51.4
108,서울,2019-08-07,26.9,8,78.1
108,서울,2019-08-08,28.9,0,71.4
108,서울,2019-08-09,29.8,,69
108,서울,2019-08-10,31.5,,57.9
108,서울,2019-08-11,30.4,6.7,53.6
108,서울,2019-08-12,26.6,56.2,91.8
108,서울,2019-08-13,29.2,6.4,76.9
108,서울,2019-08-14,30.4,,63.9
108,서울,2019-08-15,25.9,16.2,82
108,서울,2019-08-16,25.9,.1,74.5
108,서울,2019-08-17,25.9,0,69.5
108,서울,2019-08-18,25.6,,66.5
108,서울,2019-08-19,26.3,,60.6
108,서울,2019-08-20,28.2,,56.3
108,서울,2019-08-21,27,1.3,67.3
108,서울,2019-08-22,26.9,,66.5
108,서울,2019-08-23,26.2,,58.4
108,서울,2019-08-24,24.1,,60.9
108,서울,2019-08-25,25,,66.6
108,서울,2019-08-26,26.4,,63.8
108,서울,2019-08-27,25.7,20,71.1
108,서울,2019-08-28,26.1,,66.2
108,서울,2019-08-29,23.4,36.9,77.1
108,서울,2019-08-30,22.6,.2,66.3
108,서울,2019-08-31,23.5,,65
108,서울,2019-09-01,23.7,,64
108,서울,2019-09-02,24.4,,56.6
108,서울,2019-09-03,24.1,0,67.6
108,서울,2019-09-04,22.8,22.7,89
108,서울,2019-09-05,23,36.4,91.4
108,서울,2019-09-06,25.3,2.4,79.8
108,서울,2019-09-07,25.7,2.8,72.9
108,서울,2019-09-08,24.7,0,76.9
108,서울,2019-09-09,25.1,0,74.3
108,서울,2019-09-10,23.8,63.2,93.4
108,서울,2019-09-11,24.3,7.6,71.4
108,서울,2019-09-12,21,3.9,72.3
108,서울,2019-09-13,23.3,.1,60.4
108,서울,2019-09-14,22.4,.3,80
108,서울,2019-09-15,24.2,,70.4
108,서울,2019-09-16,24.5,,53
108,서울,2019-09-17,23.5,,41.6
108,서울,2019-09-18,21,,46
108,서울,2019-09-19,19.5,,46.5
108,서울,2019-09-20,19.6,,52.8
108,서울,2019-09-21,19.6,,60.3
108,서울,2019-09-22,18.6,.4,63.4
108,서울,2019-09-23,20,,51.1
108,서울,2019-09-24,19.8,,61.3
108,서울,2019-09-25,20.9,,64.4
108,서울,2019-09-26,22.9,,59.3
108,서울,2019-09-27,22.9,,57.5
108,서울,2019-09-28,23.7,,58.9
108,서울,2019-09-29,22.6,,60.6
108,서울,2019-09-30,22.4,,61
108,서울,2019-10-01,23.1,,67.1
108,서울,2019-10-02,21.6,23.1,88
108,서울,2019-10-03,22.4,4.6,73.4
108,서울,2019-10-04,22.4,,71.5
108,서울,2019-10-05,18.7,.6,72.6
108,서울,2019-10-06,18.1,,53.4
108,서울,2019-10-07,14.8,25.4,92
108,서울,2019-10-08,14.7,,58.8
108,서울,2019-10-09,13.6,,48.3
108,서울,2019-10-10,15.2,,60.9
108,서울,2019-10-11,18.8,,60
108,서울,2019-10-12,17.9,,49.3
108,서울,2019-10-13,17.2,,52.6
108,서울,2019-10-14,14.4,,56.9
108,서울,2019-10-15,14.5,,55.6
108,서울,2019-10-16,14.6,,58.3
108,서울,2019-10-17,15.4,,56
108,서울,2019-10-18,17,,58.3
108,서울,2019-10-19,17,,63.8
108,서울,2019-10-20,16.5,,70.3
108,서울,2019-10-21,17.1,,61
108,서울,2019-10-22,18.1,,56.1
108,서울,2019-10-23,17,,57.3
108,서울,2019-10-24,18.3,,47.6
108,서울,2019-10-25,16.7,0,58
108,서울,2019-10-26,10,,60
108,서울,2019-10-27,11,,59
108,서울,2019-10-28,12.9,1.7,65.9
108,서울,2019-10-29,12.5,.1,61
108,서울,2019-10-30,11.2,,60.3
108,서울,2019-10-31,14.8,,73.8
108,서울,2019-11-01,14.9,,57.9
108,서울,2019-11-02,13.6,,57.3
108,서울,2019-11-03,14.7,,57.8
108,서울,2019-11-04,13.8,,57.8
108,서울,2019-11-05,12.4,,65.1
108,서울,2019-11-06,11,,63.6
108,서울,2019-11-07,9.2,,42.8
108,서울,2019-11-08,6.8,,31.4
108,서울,2019-11-09,9.5,,41.4
108,서울,2019-11-10,10,11.8,59.6
108,서울,2019-11-11,11.2,1.1,71.6
108,서울,2019-11-12,9.3,,63.6
108,서울,2019-11-13,7.2,7.5,72.3
108,서울,2019-11-14,1.3,,30.6
108,서울,2019-11-15,5.6,18.8,87.4
108,서울,2019-11-16,6.8,,81.3
108,서울,2019-11-17,8.3,21.1,79.4
108,서울,2019-11-18,4.6,14.7,59.8
108,서울,2019-11-19,.2,0,48
108,서울,2019-11-20,.5,,35.5
108,서울,2019-11-21,4.2,,37.4
108,서울,2019-11-22,9.7,,34.1
108,서울,2019-11-23,12.1,,52
108,서울,2019-11-24,9.8,3.8,74.6
108,서울,2019-11-25,1.9,,62.1
108,서울,2019-11-26,6.6,,64
108,서울,2019-11-27,3.1,,50.8
108,서울,2019-11-28,3.5,,52.4
108,서울,2019-11-29,1.5,,42.8
108,서울,2019-11-30,4.1,,42.6
108,서울,2019-12-01,4.6,3.3,79.4
108,서울,2019-12-02,-.1,,48
108,서울,2019-12-03,.5,.6,61.3
108,서울,2019-12-04,2,0,41.6
108,서울,2019-12-05,-4.4,,31.9
108,서울,2019-12-06,-5.9,,34.5
108,서울,2019-12-07,-2.4,.1,65
108,서울,2019-12-08,-.9,,65.1
108,서울,2019-12-09,3.2,0,56.8
108,서울,2019-12-10,8.1,1.7,82.3
108,서울,2019-12-11,6.3,.2,62
108,서울,2019-12-12,-.7,,45.4
108,서울,2019-12-13,2.1,1,53.6
108,서울,2019-12-14,2.7,0,58.3
108,서울,2019-12-15,5.3,,52.5
108,서울,2019-12-16,7.8,,58.9
108,서울,2019-12-17,7.7,9.8,81.4
108,서울,2019-12-18,.8,,64.6
108,서울,2019-12-19,-.8,0,47.8
108,서울,2019-12-20,-1.1,0,45.3
108,서울,2019-12-21,-1.2,.6,68.1
108,서울,2019-12-22,4.1,.3,63.4
108,서울,2019-12-23,3.4,2.9,80.4
108,서울,2019-12-24,.8,,67.9
108,서울,2019-12-25,2,,60.8
108,서울,2019-12-26,2,.3,59
108,서울,2019-12-27,-1.7,,45.4
108,서울,2019-12-28,1.1,,47.6
108,서울,2019-12-29,3.8,1.4,52.5
108,서울,2019-12-30,2.7,.4,70.3
108,서울,2019-12-31,-7.9,0,39.3
108,서울,2020-01-01,-2.2,.1,64.4
108,서울,2020-01-02,1,,65.4
108,서울,2020-01-03,-.1,,56.9
108,서울,2020-01-04,1.2,,50.8
108,서울,2020-01-05,1.3,,45.6
108,서울,2020-01-06,3.1,1.8,65.4
108,서울,2020-01-07,6.3,46.3,95
108,서울,2020-01-08,2.4,11.6,86.1
108,서울,2020-01-09,-1.2,,65.3
108,서울,2020-01-10,-.6,,62.9
108,서울,2020-01-11,-.1,,60.9
108,서울,2020-01-12,-1,,61.5
108,서울,2020-01-13,-2.9,,51
108,서울,2020-01-14,-2.3,,45.3
108,서울,2020-01-15,-2.7,,44.8
108,서울,2020-01-16,-1.7,,43
108,서울,2020-01-17,-.6,,43.9
108,서울,2020-01-18,.3,,48.1
108,서울,2020-01-19,1.9,.6,62.8
108,서울,2020-01-20,.7,,46.8
108,서울,2020-01-21,-.4,,36.9
108,서울,2020-01-22,3,,36
108,서울,2020-01-23,4.6,,49.3
108,서울,2020-01-24,2.8,,63
108,서울,2020-01-25,4.3,,63.1
108,서울,2020-01-26,5.5,,56.3
108,서울,2020-01-27,5.9,.1,48.1
108,서울,2020-01-28,6.8,0,49.4
108,서울,2020-01-29,6,,46.4
108,서울,2020-01-30,5.2,,47
108,서울,2020-01-31,3.9,0,59.6
108,서울,2020-02-01,2.6,,66.6
108,서울,2020-02-02,1.5,,52.3
108,서울,2020-02-03,-.4,0,43.6
108,서울,2020-02-04,-1.6,1.7,50.3
108,서울,2020-02-05,-8.3,,37.3
108,서울,2020-02-06,-6.4,,36.4
108,서울,2020-02-07,-1.7,0,45.1
108,서울,2020-02-08,-.1,0,48.1
108,서울,2020-02-09,-.5,0,51.1
108,서울,2020-02-10,4,0,49.4
108,서울,2020-02-11,6.8,,37
108,서울,2020-02-12,7.4,6.7,73.4
108,서울,2020-02-13,6.5,,84.8
108,서울,2020-02-14,8.1,,70.3
108,서울,2020-02-15,9.8,2,63
108,서울,2020-02-16,-1.4,13.4,81.1
108,서울,2020-02-17,-5.9,1,64.3
108,서울,2020-02-18,-4.1,,44
108,서울,2020-02-19,1,,56.8
108,서울,2020-02-20,4.6,,62.6
108,서울,2020-02-21,6.7,4.2,66.3
108,서울,2020-02-22,4,3.1,62
108,서울,2020-02-23,2.5,,48.6
108,서울,2020-02-24,7,,51.8
108,서울,2020-02-25,6.7,16.6,73.5
108,서울,2020-02-26,6.4,0,59.6
108,서울,2020-02-27,6.1,,54
108,서울,2020-02-28,4.5,3.9,79.4
108,서울,2020-02-29,7.7,.5,68.6
108,서울,2020-03-01,5.8,.2,71.8
108,서울,2020-03-02,3.4,0,55.3
108,서울,2020-03-03,4.8,,57
108,서울,2020-03-04,2.2,0,53.4
108,서울,2020-03-05,1.4,,47.5
108,서울,2020-03-06,3.7,,46.8
108,서울,2020-03-07,7,,39.5
108,서울,2020-03-08,9.3,,43.8
108,서울,2020-03-09,11.1,,37.6
108,서울,2020-03-10,6.4,11.8,78.4
108,서울,2020-03-11,3.8,,41.8
108,서울,2020-03-12,6.8,,49.8
108,서울,2020-03-13,4.9,.5,41
108,서울,2020-03-14,3.6,,48.1
108,서울,2020-03-15,4,,48.3
108,서울,2020-03-16,3.6,,42.4
108,서울,2020-03-17,6.6,,65.8
108,서울,2020-03-18,10,,45.8
108,서울,2020-03-19,9.1,0,49
108,서울,2020-03-20,8.8,,39.6
108,서울,2020-03-21,12.8,,56.5
108,서울,2020-03-22,11,,37.5
108,서울,2020-03-23,10.6,,37.9
108,서울,2020-03-24,11.4,,35
108,서울,2020-03-25,12.5,,33.6
108,서울,2020-03-26,14.8,1.8,53.8
108,서울,2020-03-27,11.9,2,56.4
108,서울,2020-03-28,7.7,,17.9
108,서울,2020-03-29,8.7,,30.6
108,서울,2020-03-30,10.2,,38.4
108,서울,2020-03-31,11.9,,34.5
108,서울,2020-04-01,11.3,,35.6
108,서울,2020-04-02,9.3,,41.4
108,서울,2020-04-03,10,,53.8
108,서울,2020-04-04,8.9,,36.4
108,서울,2020-04-05,7.2,,29.5
108,서울,2020-04-06,9.3,,38.3
108,서울,2020-04-07,10.6,,56.6
108,서울,2020-04-08,9.4,,25.5
108,서울,2020-04-09,8.9,,44.6
108,서울,2020-04-10,10.7,,52.6
108,서울,2020-04-11,9.9,,63.8
108,서울,2020-04-12,9.9,,58.6
108,서울,2020-04-13,12.4,,39.4
108,서울,2020-04-14,13,,46.8
108,서울,2020-04-15,13.2,,39.8
108,서울,2020-04-16,16,,39.9
108,서울,2020-04-17,12.5,6.5,77.8
108,서울,2020-04-18,13.5,,67.9
108,서울,2020-04-19,12.3,10.3,75.8
108,서울,2020-04-20,10,.1,73
108,서울,2020-04-21,7.4,,49
108,서울,2020-04-22,6,0,46.8
108,서울,2020-04-23,7.9,,47.8
108,서울,2020-04-24,9.9,,55.6
108,서울,2020-04-25,13.1,,54.4
108,서울,2020-04-26,12.3,,43.1
108,서울,2020-04-27,12.9,,49.8
108,서울,2020-04-28,13.9,,50
108,서울,2020-04-29,14.9,,48.6
108,서울,2020-04-30,17.1,,57.1
108,서울,2020-05-01,20.2,,73.6
108,서울,2020-05-02,20.3,0,79.6
108,서울,2020-05-03,21.8,0,68.8
108,서울,2020-05-04,20.2,,63.9
108,서울,2020-05-05,16,,67.9
108,서울,2020-05-06,19.4,,50
108,서울,2020-05-07,20.7,,32.5
108,서울,2020-05-08,19.9,2.3,32.8
108,서울,2020-05-09,14.2,24.4,94.4
108,서울,2020-05-10,14.4,1.3,88.6
108,서울,2020-05-11,16.5,3.4,61
108,서울,2020-05-12,14.3,.7,69.4
108,서울,2020-05-13,16.1,,47.3
108,서울,2020-05-14,19.3,,35.4
108,서울,2020-05-15,16.1,12,81.4
108,서울,2020-05-16,16.7,2.5,90.3
108,서울,2020-05-17,19.1,0,80.1
108,서울,2020-05-18,19.1,29.8,79.4
108,서울,2020-05-19,13,19,73.6
108,서울,2020-05-20,14.4,0,60.4
108,서울,2020-05-21,17.4,,56.1
108,서울,2020-05-22,18.5,0,68.5
108,서울,2020-05-23,20.1,0,66.1
108,서울,2020-05-24,17.1,14.5,84.8
108,서울,2020-05-25,16.6,,81
108,서울,2020-05-26,16.2,1.5,81.9
108,서울,2020-05-27,17.4,,68.5
108,서울,2020-05-28,18.7,0,62.8
108,서울,2020-05-29,20.7,,65.6
108,서울,2020-05-30,22.6,,57.3
108,서울,2020-05-31,21.2,1,63
108,서울,2020-06-01,19.7,.4,64.3
108,서울,2020-06-02,17.9,2,71
108,서울,2020-06-03,22,,73.3
108,서울,2020-06-04,21.9,.2,81.1
108,서울,2020-06-05,23,,69.4
108,서울,2020-06-06,24.6,,63.6
108,서울,2020-06-07,22.7,,69.4
108,서울,2020-06-08,25,,63.6
108,서울,2020-06-09,26.7,,51.6
108,서울,2020-06-10,25.8,6.2,63.8
108,서울,2020-06-11,26.1,0,68.3
108,서울,2020-06-12,24.7,,68.6
108,서울,2020-06-13,26.9,0,52.8
108,서울,2020-06-14,24,1.1,70.6
108,서울,2020-06-15,23,,62.3
108,서울,2020-06-16,24.4,,63
108,서울,2020-06-17,24.3,,58.6
108,서울,2020-06-18,23.4,,61.4
108,서울,2020-06-19,24.7,.1,61.4
108,서울,2020-06-20,24.9,,62.6
108,서울,2020-06-21,26.1,,59.5
108,서울,2020-06-22,28.6,,50.5
108,서울,2020-06-23,27.3,0,53.5
108,서울,2020-06-24,22.3,37.6,83.5
108,서울,2020-06-25,21.6,13.3,91
108,서울,2020-06-26,21.8,2.1,82.1
108,서울,2020-06-27,24.1,0,70.4
108,서울,2020-06-28,25.2,,70.5
108,서울,2020-06-29,23.8,11.9,77
108,서울,2020-06-30,20.1,64.7,83
108,서울,2020-07-01,21.1,0,79.3
108,서울,2020-07-02,24.2,,74.5
108,서울,2020-07-03,25.5,.1,63.5
108,서울,2020-07-04,24.2,1.6,63.9
108,서울,2020-07-05,23.8,,68.6
108,서울,2020-07-06,25.6,,66.6
108,서울,2020-07-07,24.1,0,75.5
108,서울,2020-07-08,25.5,,71.9
108,서울,2020-07-09,27.5,,64.6
108,서울,2020-07-10,24.5,2.2,75
108,서울,2020-07-11,25.8,,62.6
108,서울,2020-07-12,23.5,2.9,71.9
108,서울,2020-07-13,18.7,47.6,94.8
108,서울,2020-07-14,20.3,11.5,79.4
108,서울,2020-07-15,23.4,,63.1
108,서울,2020-07-16,25,,70.9
108,서울,2020-07-17,26,0,72
108,서울,2020-07-18,26.1,,71.6
108,서울,2020-07-19,24,29.1,81.6
108,서울,2020-07-20,23.8,3.6,86.3
108,서울,2020-07-21,25,0,77
108,서울,2020-07-22,23.7,11.5,89.3
108,서울,2020-07-23,21.1,103.1,95.5
108,서울,2020-07-24,22.5,2.9,74.3
108,서울,2020-07-25,24.3,0,69.3
108,서울,2020-07-26,25.4,0,69.3
108,서울,2020-07-27,24.3,2.2,86.4
108,서울,2020-07-28,24.4,.4,84.8
108,서울,2020-07-29,23.7,50.1,95.8
108,서울,2020-07-30,25.3,.1,85.5
108,서울,2020-07-31,26.2,1.5,81.9
108,서울,2020-08-01,25.3,39.1,90.9
108,서울,2020-08-02,24.9,31.4,96.3
108,서울,2020-08-03,25,102.6,96.3
108,서울,2020-08-04,27,3.9,89.3
108,서울,2020-08-05,26.5,18.5,92.1
108,서울,2020-08-06,24.1,75.7,92.8
108,서울,2020-08-07,24.3,0,85.3
108,서울,2020-08-08,24.2,19.1,89.5
108,서울,2020-08-09,24.9,50.3,95.4
108,서울,2020-08-10,26.5,44.6,91.6
108,서울,2020-08-11,24.6,97,92.5
108,서울,2020-08-12,27.2,,83.9
108,서울,2020-08-13,28,,82.4
108,서울,2020-08-14,27.1,.4,86.1
108,서울,2020-08-15,26.1,69,96
108,서울,2020-08-16,27.4,,82.6
108,서울,2020-08-17,28.2,,77.9
108,서울,2020-08-18,27.5,,76.3
108,서울,2020-08-19,27.1,,76.8
108,서울,2020-08-20,27.7,,76
108,서울,2020-08-21,26.6,2.5,83.1
108,서울,2020-08-22,24.3,42.6,87.4
108,서울,2020-08-23,25.3,,78.4
108,서울,2020-08-24,27.8,,71.6
108,서울,2020-08-25,29.9,,69.5
108,서울,2020-08-26,30.2,.6,68.3
108,서울,2020-08-27,27.1,8.7,84.6
108,서울,2020-08-28,27.3,13.6,89.1
108,서울,2020-08-29,26.8,13.6,90.1
108,서울,2020-08-30,26.8,42.5,88.8
108,서울,2020-08-31,26.4,0,77.9
108,서울,2020-09-01,26.6,0,72.4
108,서울,2020-09-02,24.3,33.3,91.3
108,서울,2020-09-03,22.7,29.8,82
108,서울,2020-09-04,23.3,,63.9
108,서울,2020-09-05,23.3,,66.6
108,서울,2020-09-06,21.7,6.4,80
108,서울,2020-09-07,19.2,61,93.5
108,서울,2020-09-08,23.4,0,71.5
108,서울,2020-09-09,21.1,1.3,83.4
108,서울,2020-09-10,22.8,3.9,75.8
108,서울,2020-09-11,22.4,1.2,72.6
108,서울,2020-09-12,20.2,5.7,83.8
108,서울,2020-09-13,21.5,,70.4
108,서울,2020-09-14,21.3,0,79.3
108,서울,2020-09-15,23,,76.4
108,서울,2020-09-16,22.5,.3,79.9
108,서울,2020-09-17,21.3,,70.3
108,서울,2020-09-18,21.5,,62
108,서울,2020-09-19,21.2,.3,59.3
108,서울,2020-09-20,19.7,,57.6
108,서울,2020-09-21,19.1,,56.1
108,서울,2020-09-22,20.2,,55.3
108,서울,2020-09-23,19.2,,59.9
108,서울,2020-09-24,20.6,,59.6
108,서울,2020-09-25,20.1,,64.1
108,서울,2020-09-26,19.3,,62.5
108,서울,2020-09-27,20.4,,63.3
108,서울,2020-09-28,20.7,,66
108,서울,2020-09-29,19.6,,67.6
108,서울,2020-09-30,19.6,38.3,78
108,서울,2020-10-01,18.8,,74.9
108,서울,2020-10-02,19.2,0,79.6
108,서울,2020-10-03,19.9,0,72.5
108,서울,2020-10-04,16.6,0,65.1
108,서울,2020-10-05,13.3,,57.3
108,서울,2020-10-06,14.2,,55.9
108,서울,2020-10-07,16,,48.9
108,서울,2020-10-08,17.2,,53
108,서울,2020-10-09,17.2,,53.4
108,서울,2020-10-10,16.9,,60.1
108,서울,2020-10-11,16.9,,68.5
108,서울,2020-10-12,16.2,,68.6
108,서울,2020-10-13,13.6,,52.3
108,서울,2020-10-14,12.8,,47
108,서울,2020-10-15,11.7,,41.8
108,서울,2020-10-16,11.8,,64.3
108,서울,2020-10-17,13.1,,64.3
108,서울,2020-10-18,13.6,,65.5
108,서울,2020-10-19,15.1,,74.4
108,서울,2020-10-20,15.2,,67.1
108,서울,2020-10-21,14.1,,69.4
108,서울,2020-10-22,13.5,0,66
108,서울,2020-10-23,8.6,,51.5
108,서울,2020-10-24,8.7,,47.6
108,서울,2020-10-25,11.8,,62.5
108,서울,2020-10-26,12.9,,71.6
108,서울,2020-10-27,14,,74.1
108,서울,2020-10-28,13.8,,52.1
108,서울,2020-10-29,10.8,,40.3
108,서울,2020-10-30,11.9,,42.9
108,서울,2020-10-31,13.6,,60.3
108,서울,2020-11-01,13.7,13.6,84.3
108,서울,2020-11-02,10.8,1.7,58.3
108,서울,2020-11-03,5.1,.5,47.5
108,서울,2020-11-04,4.9,,43.9
108,서울,2020-11-05,9.6,,61.5
108,서울,2020-11-06,13.5,,63.3
108,서울,2020-11-07,14.6,.1,68.8
108,서울,2020-11-08,8.5,,43.8
108,서울,2020-11-09,5.5,,40.9
108,서울,2020-11-10,7.7,,56.1
108,서울,2020-11-11,9.3,,53.5
108,서울,2020-11-12,10.4,,56.9
108,서울,2020-11-13,12.2,,71.5
108,서울,2020-11-14,12.5,,66.9
108,서울,2020-11-15,11.1,,75
108,서울,2020-11-16,12.4,,70.1
108,서울,2020-11-17,15.9,.1,67.5
108,서울,2020-11-18,16.6,12.2,91.4
108,서울,2020-11-19,13.6,86.9,90.5
108,서울,2020-11-20,2.8,0,74.3
108,서울,2020-11-21,6.5,.2,67.9
108,서울,2020-11-22,5.6,4.8,80.5
108,서울,2020-11-23,1.7,,61.4
108,서울,2020-11-24,2.9,,54.5
108,서울,2020-11-25,4.6,,64.1
108,서울,2020-11-26,5.6,,66.5
108,서울,2020-11-27,4.1,0,61.6
108,서울,2020-11-28,-.1,,50
108,서울,2020-11-29,-.6,,59.6
108,서울,2020-11-30,-.2,,57.8
108,서울,2020-12-01,1.1,,44.5
108,서울,2020-12-02,2.4,,41.4
108,서울,2020-12-03,.7,,47.1
108,서울,2020-12-04,-.6,,53.8
108,서울,2020-12-05,2.1,,63.1
108,서울,2020-12-06,4.5,,66.9
108,서울,2020-12-07,3.4,,57.5
108,서울,2020-12-08,-.5,,50
108,서울,2020-12-09,1.5,,55.1
108,서울,2020-12-10,5.8,0,69.9
108,서울,2020-12-11,5.3,,77.1
108,서울,2020-12-12,2.3,,51.3
108,서울,2020-12-13,-1.1,2.9,74.9
108,서울,2020-12-14,-7.7,,49.1
108,서울,2020-12-15,-8.3,,43
108,서울,2020-12-16,-8.3,,43.9
108,서울,2020-12-17,-4.9,0,47
108,서울,2020-12-18,-2.1,.2,57
108,서울,2020-12-19,-5.1,,45.1
108,서울,2020-12-20,-3.7,,50.4
108,서울,2020-12-21,-1,,64.1
108,서울,2020-12-22,2,,67.6
108,서울,2020-12-23,4.5,0,76.6
108,서울,2020-12-24,2.6,,61.5
108,서울,2020-12-25,-.8,,51.9
108,서울,2020-12-26,2.2,,65.8
108,서울,2020-12-27,5.8,0,62.9
108,서울,2020-12-28,6.7,1.3,72.1
108,서울,2020-12-29,.1,.2,70.8
108,서울,2020-12-30,-10.9,,55.5
108,서울,2020-12-31,-8.9,0,53.9
108,서울,2021-01-01,-4.2,,64
108,서울,2021-01-02,-5,,38.5
108,서울,2021-01-03,-5.6,,45
108,서울,2021-01-04,-3.5,0,51.4
108,서울,2021-01-05,-5.5,0,52.8
108,서울,2021-01-06,-7.4,2.3,54.6
108,서울,2021-01-07,-14.5,,49.9
108,서울,2021-01-08,-14.9,,44
108,서울,2021-01-09,-12.2,,46.3
108,서울,2021-01-10,-7.7,,54.4
108,서울,2021-01-11,-6.7,,62.1
108,서울,2021-01-12,-3.9,2.6,79.5
108,서울,2021-01-13,2,0,80.3
108,서울,2021-01-14,1.7,,46.5
108,서울,2021-01-15,4.5,.2,67.4
108,서울,2021-01-16,-4.9,,59.3
108,서울,2021-01-17,-5.5,0,58.5
108,서울,2021-01-18,-3.8,.3,64.3
108,서울,2021-01-19,-6.3,,37.9
108,서울,2021-01-20,-.1,,37.8
108,서울,2021-01-21,4.5,9.2,64.4
108,서울,2021-01-22,5.5,.1,92.9
108,서울,2021-01-23,7.6,,66
108,서울,2021-01-24,7.3,,63.9
108,서울,2021-01-25,7.9,,62
108,서울,2021-01-26,5.3,1.7,80.4
108,서울,2021-01-27,1.7,,47.6
108,서울,2021-01-28,-2.6,2,52.3
108,서울,2021-01-29,-8.8,,40
108,서울,2021-01-30,-1.6,.5,60
108,서울,2021-01-31,3.2,,57
108,서울,2021-02-01,5,.7,74.5
108,서울,2021-02-02,-5.6,0,44.1
108,서울,2021-02-03,-3.2,3.4,64.6
108,서울,2021-02-04,-3.6,.1,50.1
108,서울,2021-02-05,1.4,,71.8
108,서울,2021-02-06,6.8,,80.4
108,서울,2021-02-07,3.6,,67
108,서울,2021-02-08,-3.1,,43.6
108,서울,2021-02-09,-.9,,51.9
108,서울,2021-02-10,3.4,,75.1
108,서울,2021-02-11,5.5,,71.5
108,서울,2021-02-12,6.5,,60.6
108,서울,2021-02-13,7.6,,50.6
108,서울,2021-02-14,9.5,0,47.6
108,서울,2021-02-15,1.2,1.4,65.1
108,서울,2021-02-16,-5.1,1.5,57.9
108,서울,2021-02-17,-8.3,0,44.1
108,서울,2021-02-18,-5.8,,44.9
108,서울,2021-02-19,1.6,,66.9
108,서울,2021-02-20,8.8,,60.4
108,서울,2021-02-21,10.8,,66.6
108,서울,2021-02-22,7.8,,58.3
108,서울,2021-02-23,0,,34
108,서울,2021-02-24,2.9,,33
108,서울,2021-02-25,4.2,,35.1
108,서울,2021-02-26,8.2,,35
108,서울,2021-02-27,9.5,,48.6
108,서울,2021-02-28,7.8,,49
108,서울,2021-03-01,4.7,67.5,91
108,서울,2021-03-02,2.3,.1,75.9
108,서울,2021-03-03,4.4,,64.4
108,서울,2021-03-04,7.2,,62.4
108,서울,2021-03-05,9,,70.3
108,서울,2021-03-06,6.6,,69.5
108,서울,2021-03-07,6.2,,62.9
108,서울,2021-03-08,7,,60.3
108,서울,2021-03-09,6.6,,58.5
108,서울,2021-03-10,8.8,,61.8
108,서울,2021-03-11,10.2,,50.8
108,서울,2021-03-12,10.5,0,57
108,서울,2021-03-13,9.2,,62.8
108,서울,2021-03-14,9.1,,71.4
108,서울,2021-03-15,10.6,1.7,68.8
108,서울,2021-03-16,8.4,1.3,52.5
108,서울,2021-03-17,8.8,,44.9
108,서울,2021-03-18,11.7,,50.1
108,서울,2021-03-19,15.3,,47.9
108,서울,2021-03-20,9.9,5.1,74.6
108,서울,2021-03-21,5.8,.3,65.9
108,서울,2021-03-22,6.2,,55.3
108,서울,2021-03-23,9.1,,63.5
108,서울,2021-03-24,10.8,,61.5
108,서울,2021-03-25,11.9,,68.5
108,서울,2021-03-26,12.6,,58.4
108,서울,2021-03-27,12.1,25.5,70.9
108,서울,2021-03-28,9,9.2,95.8
108,서울,2021-03-29,10.2,.2,62.3
108,서울,2021-03-30,10.8,,47.3
108,서울,2021-03-31,14.5,,41
108,서울,2021-04-01,17.7,,33
108,서울,2021-04-02,17.8,0,35.6
108,서울,2021-04-03,14.9,56.2,80.8
108,서울,2021-04-04,11.9,.6,65.8
108,서울,2021-04-05,11.9,,47.9
108,서울,2021-04-06,13.9,,50.9
108,서울,2021-04-07,14.1,,47.5
108,서울,2021-04-08,13,,34
108,서울,2021-04-09,13.6,,39.3
108,서울,2021-04-10,12.6,,50
108,서울,2021-04-11,15,,45.4
108,서울,2021-04-12,13.8,22,70.4
108,서울,2021-04-13,10.4,8,74
108,서울,2021-04-14,8.4,,58.5
108,서울,2021-04-15,11.6,,62.3
108,서울,2021-04-16,11.3,.7,60
108,서울,2021-04-17,9.6,0,56.6
108,서울,2021-04-18,9.9,,64.3
108,서울,2021-04-19,12.2,,65.3
108,서울,2021-04-20,14.8,,55.1
108,서울,2021-04-21,19.1,,43.1
108,서울,2021-04-22,20.9,,37.9
108,서울,2021-04-23,19,0,41.4
108,서울,2021-04-24,18.3,0,43
108,서울,2021-04-25,18.2,,50
108,서울,2021-04-26,16.2,,51.8
108,서울,2021-04-27,15.4,1.7,62.4
108,서울,2021-04-28,14.5,4.7,64.1
108,서울,2021-04-29,14.6,3.9,54.1
108,서울,2021-04-30,11.3,26.3,81.8
108,서울,2021-05-01,10.2,8,80.8
108,서울,2021-05-02,12.4,1.7,67.9
108,서울,2021-05-03,14.1,,56.4
108,서울,2021-05-04,13.8,19.6,82.6
108,서울,2021-05-05,13.9,.1,64.4
108,서울,2021-05-06,15.7,,46.4
108,서울,2021-05-07,14.4,8.8,60.3
108,서울,2021-05-08,14.3,,66.1
108,서울,2021-05-09,15.7,,51.3
108,서울,2021-05-10,13.2,0,67.9
108,서울,2021-05-11,18.5,,48.9
108,서울,2021-05-12,22,,39.5
108,서울,2021-05-13,22.9,,54.4
108,서울,2021-05-14,24.1,,60.3
108,서울,2021-05-15,22.1,15,79.5
108,서울,2021-05-16,18.4,66.9,97.6
108,서울,2021-05-17,15.3,3.1,93
108,서울,2021-05-18,17.9,,70.5
108,서울,2021-05-19,19.9,,52.3
108,서울,2021-05-20,18.7,.9,59.8
108,서울,2021-05-21,16,6.9,86.5
108,서울,2021-05-22,18.6,.2,69.3
108,서울,2021-05-23,19.5,,64.4
108,서울,2021-05-24,19.4,,61
108,서울,2021-05-25,15.3,8.3,72.3
108,서울,2021-05-26,18,0,58.5
108,서울,2021-05-27,15.8,8.9,83
108,서울,2021-05-28,15.3,12.3,86
108,서울,2021-05-29,15.4,.3,79.8
108,서울,2021-05-30,18.4,18.1,73
108,서울,2021-05-31,19.9,4,78.9
108,서울,2021-06-01,20.2,3.2,74.6
108,서울,2021-06-02,23.2,,64.4
108,서울,2021-06-03,19.1,18.1,80.8
108,서울,2021-06-04,18.5,,69.4
108,서울,2021-06-05,20.8,,68.1
108,서울,2021-06-06,23,,69.6
108,서울,2021-06-07,21.1,0,71.5
108,서울,2021-06-08,23.6,.1,69.6
108,서울,2021-06-09,25.8,,59.1
108,서울,2021-06-10,24.9,6.1,68.5
108,서울,2021-06-11,21.5,4.6,84.5
108,서울,2021-06-12,24.2,,74.6
108,서울,2021-06-13,24.8,,72.6
108,서울,2021-06-14,24.8,,68.8
108,서울,2021-06-15,22.5,1.9,79.1
108,서울,2021-06-16,24.3,,59.9
108,서울,2021-06-17,21.9,0,71.4
108,서울,2021-06-18,20,6.3,92.1
108,서울,2021-06-19,22.3,,74
108,서울,2021-06-20,22.9,,73.3
108,서울,2021-06-21,23.6,,67
108,서울,2021-06-22,22.8,0,67.9
108,서울,2021-06-23,22.4,7.5,70.5
108,서울,2021-06-24,23,,71.1
108,서울,2021-06-25,24.1,,69
108,서울,2021-06-26,22.8,4.5,78.5
108,서울,2021-06-27,24.5,38.2,72.1
108,서울,2021-06-28,23.7,.1,76.4
108,서울,2021-06-29,23.9,8,78.6
108,서울,2021-06-30,24.3,6,77.9
108,서울,2021-07-01,26.3,,70.9
108,서울,2021-07-02,27.1,,64.1
108,서울,2021-07-03,22.6,60,80
108,서울,2021-07-04,21.4,21.4,96.8
108,서울,2021-07-05,23.3,,80.3
108,서울,2021-07-06,25.3,,73.4
108,서울,2021-07-07,26.4,12.7,78.5
108,서울,2021-07-08,26,2.9,81.6
108,서울,2021-07-09,25.5,0,77.3
108,서울,2021-07-10,25.9,.5,80.4
108,서울,2021-07-11,25.7,.4,86.8
108,서울,2021-07-12,28.1,,75.1
108,서울,2021-07-13,28.8,,76.1
108,서울,2021-07-14,29.7,,71.4
108,서울,2021-07-15,29.1,0,71.1
108,서울,2021-07-16,28.8,,68.4
108,서울,2021-07-17,29.1,0,63.1
108,서울,2021-07-18,29.6,,62.5
108,서울,2021-07-19,26.4,67.4,80.1
108,서울,2021-07-20,27.9,0,75.8
108,서울,2021-07-21,30.5,,64
108,서울,2021-07-22,31.2,,59.8
108,서울,2021-07-23,31.2,,61.8
108,서울,2021-07-24,31.7,,57.4
108,서울,2021-07-25,31.5,,55.8
108,서울,2021-07-26,31.2,,54.9
108,서울,2021-07-27,31.1,,60.5
108,서울,2021-07-28,30.4,0,67.4
108,서울,2021-07-29,29.6,,69.9
108,서울,2021-07-30,30.5,,63.1
108,서울,2021-07-31,29.8,3,69.9
108,서울,2021-08-01,27.1,21,81.8
108,서울,2021-08-02,26.5,1.7,82.6
108,서울,2021-08-03,28,0,76.9
108,서울,2021-08-04,28.9,,70.6
108,서울,2021-08-05,29.4,,68.1
108,서울,2021-08-06,28.1,,68.4
108,서울,2021-08-07,28,,65
108,서울,2021-08-08,26.8,12.7,74.8
108,서울,2021-08-09,28.3,,62.4
108,서울,2021-08-10,27.7,,62.5
108,서울,2021-08-11,27.4,0,70.3
108,서울,2021-08-12,26.8,0,67.1
108,서울,2021-08-13,26.6,,70.4
108,서울,2021-08-14,26.1,,63.9
108,서울,2021-08-15,26.9,,59.6
108,서울,2021-08-16,27.3,0,61.1
108,서울,2021-08-17,25.9,9.3,65
108,서울,2021-08-18,24.3,5.6,69.6
108,서울,2021-08-19,26,,57.1
108,서울,2021-08-20,26.6,0,63.6
108,서울,2021-08-21,23.8,62.8,88.1
108,서울,2021-08-22,24.4,0,81.5
108,서울,2021-08-23,22.4,7.4,89.3
108,서울,2021-08-24,23.4,10.5,93.6
108,서울,2021-08-25,25,.3,85.5
108,서울,2021-08-26,25.5,.7,84.9
108,서울,2021-08-27,22.4,.9,83.5
108,서울,2021-08-28,23.6,,80.4
108,서울,2021-08-29,23.7,.9,82.6
108,서울,2021-08-30,24.2,0,77.5
108,서울,2021-08-31,20.5,77.4,93.3
108,서울,2021-09-01,21.4,.8,83.1
108,서울,2021-09-02,23.5,,70.3
108,서울,2021-09-03,24.3,,60.3
108,서울,2021-09-04,23.2,,57
108,서울,2021-09-05,23.1,,61.1
108,서울,2021-09-06,22.3,12,70.1
108,서울,2021-09-07,19.6,29.6,98.1
108,서울,2021-09-08,22.2,1.6,81.3
108,서울,2021-09-09,23.5,,76.5
108,서울,2021-09-10,23.6,,76
108,서울,2021-09-11,24,,73.1
108,서울,2021-09-12,24.2,,64.6
108,서울,2021-09-13,24.8,,67.1
108,서울,2021-09-14,24.6,,63.3
108,서울,2021-09-15,23.6,,57.5
108,서울,2021-09-16,22.9,,61.1
108,서울,2021-09-17,23.5,,61.4
108,서울,2021-09-18,23.9,,65.1
108,서울,2021-09-19,23.7,,62.9
108,서울,2021-09-20,23.7,,63.6
108,서울,2021-09-21,22,68.1,85.1
108,서울,2021-09-22,20.2,4.5,79
108,서울,2021-09-23,20.9,,67.3
108,서울,2021-09-24,21.8,,67.5
108,서울,2021-09-25,21.2,,72.6
108,서울,2021-09-26,22.6,,63
108,서울,2021-09-27,21.6,0,66
108,서울,2021-09-28,21.5,1.3,75.1
108,서울,2021-09-29,20.2,13.1,93.5
108,서울,2021-09-30,20.3,,83.9
108,서울,2021-10-01,21.1,13.3,75.8
108,서울,2021-10-02,20.7,,77.1
108,서울,2021-10-03,22.3,,69.5
108,서울,2021-10-04,22.9,3.6,81
108,서울,2021-10-05,23.6,0,82.4
108,서울,2021-10-06,18.8,6.4,91.5
108,서울,2021-10-07,19.4,4.6,85.5
108,서울,2021-10-08,18.8,3.5,91.3
108,서울,2021-10-09,20.9,.4,83.5
108,서울,2021-10-10,19.9,14.2,89
108,서울,2021-10-11,15.2,.3,78.6
108,서울,2021-10-12,17.9,,67.1
108,서울,2021-10-13,19.6,,66.6
108,서울,2021-10-14,19.7,,73.6
108,서울,2021-10-15,19,0,74.4
108,서울,2021-10-16,10.7,0,47.5
108,서울,2021-10-17,5.6,,37.4
108,서울,2021-10-18,9.6,5.6,60.4
108,서울,2021-10-19,10.9,4.4,72.8
108,서울,2021-10-20,9.5,,64.9
108,서울,2021-10-21,9.8,,64.1
108,서울,2021-10-22,10.8,,58.4
108,서울,2021-10-23,11.4,,57.3
108,서울,2021-10-24,11.4,,63.1
108,서울,2021-10-25,11.7,,64.5
108,서울,2021-10-26,13,,74.5
108,서울,2021-10-27,13.4,0,63.4
108,서울,2021-10-28,12.7,,54.6
108,서울,2021-10-29,14.6,,55.9
108,서울,2021-10-30,13.8,,62.4
108,서울,2021-10-31,14.1,.7,73.3
108,서울,2021-11-01,12.9,,77.3
108,서울,2021-11-02,11.5,,76.6
108,서울,2021-11-03,12.1,,71.1
108,서울,2021-11-04,12.1,0,80.4
108,서울,2021-11-05,13,,68.5
108,서울,2021-11-06,14.1,,61.1
108,서울,2021-11-07,15.3,,57.5
108,서울,2021-11-08,8.6,25.7,82.1
108,서울,2021-11-09,4.9,2,80.3
108,서울,2021-11-10,4.2,.3,73.4
108,서울,2021-11-11,5.3,0,60.6
108,서울,2021-11-12,4.5,,55.4
108,서울,2021-11-13,7.3,,66.1
108,서울,2021-11-14,11.3,,69.8
108,서울,2021-11-15,10.1,,71.3
108,서울,2021-11-16,8.5,,65.5
108,서울,2021-11-17,7.5,,64.1
108,서울,2021-11-18,11.9,0,70.8
108,서울,2021-11-19,12.9,,84.8
108,서울,2021-11-20,10.4,,77
108,서울,2021-11-21,10.4,5.9,74.4
108,서울,2021-11-22,2.7,1.3,61.8
108,서울,2021-11-23,-.6,,60.9
108,서울,2021-11-24,4.1,0,64.3
108,서울,2021-11-25,5.7,,55
108,서울,2021-11-26,2.9,0,57.5
108,서울,2021-11-27,3.4,,53
108,서울,2021-11-28,5.1,,52.4
108,서울,2021-11-29,7.6,,62
108,서울,2021-11-30,5.7,27.2,80.4
108,서울,2021-12-01,-1.3,,51.8
108,서울,2021-12-02,1.3,.1,68.9
108,서울,2021-12-03,1.9,.4,53.3
108,서울,2021-12-04,1.4,,48.5
108,서울,2021-12-05,2.9,,50.4
108,서울,2021-12-06,5.4,,61.4
108,서울,2021-12-07,6.8,,68.3
108,서울,2021-12-08,6.7,,70
108,서울,2021-12-09,6.5,,70.3
108,서울,2021-12-10,7,.7,81.5
108,서울,2021-12-11,6,,83.6
108,서울,2021-12-12,1.2,,61.8
108,서울,2021-12-13,-2.2,,43.8
108,서울,2021-12-14,3.7,1.2,64.9
108,서울,2021-12-15,7.2,2.1,84.8
108,서울,2021-12-16,6.4,0,71.6
108,서울,2021-12-17,-5.6,,50.5
108,서울,2021-12-18,-5.7,2.8,64.1
108,서울,2021-12-19,-.8,.2,63.8
108,서울,2021-12-20,5.2,0,77.9
108,서울,2021-12-21,5.2,,70.9
108,서울,2021-12-22,2.2,,47.4
108,서울,2021-12-23,2.7,,53.5
108,서울,2021-12-24,-.3,.2,65.3
108,서울,2021-12-25,-11.7,,42.4
108,서울,2021-12-26,-12.1,,43.5
108,서울,2021-12-27,-7.6,0,60.9
108,서울,2021-12-28,-4.1,,73.8
108,서울,2021-12-29,.4,.2,72.9
108,서울,2021-12-30,-3.9,0,48.5
108,서울,2021-12-31,-6.7,,35.9
108,서울,2022-01-01,-4.3,,46.3
108,서울,2022-01-02,-1.3,.3,57.9
108,서울,2022-01-03,-1.9,0,58.3
108,서울,2022-01-04,-2.5,0,51.8
108,서울,2022-01-05,-2.8,,47.6
108,서울,2022-01-06,-2.2,,47.1
108,서울,2022-01-07,-1.6,,47.1
108,서울,2022-01-08,.3,0,64.3
108,서울,2022-01-09,1.3,,71.5
108,서울,2022-01-10,.5,.9,68.3
108,서울,2022-01-11,-7.4,.2,55.5
108,서울,2022-01-12,-7.7,,47.8
108,서울,2022-01-13,-6.4,,45.8
108,서울,2022-01-14,-4.8,,41.8
108,서울,2022-01-15,-1,0,48.3
108,서울,2022-01-16,-2,0,54.5
108,서울,2022-01-17,-5.8,.5,59.9
108,서울,2022-01-18,-5.6,,47.9
108,서울,2022-01-19,-5.3,1.7,72.3
108,서울,2022-01-20,-5,,63.5
108,서울,2022-01-21,-2.7,,55.6
108,서울,2022-01-22,.3,,52.4
108,서울,2022-01-23,2,,52.4
108,서울,2022-01-24,4.6,,56
108,서울,2022-01-25,2.8,.7,80
108,서울,2022-01-26,1.3,,62.8
108,서울,2022-01-27,-1.1,,50
108,서울,2022-01-28,-2.7,,51.6
108,서울,2022-01-29,-3.6,,48.9
108,서울,2022-01-30,-2.8,,45.4
108,서울,2022-01-31,-.7,1.2,59
108,서울,2022-02-01,-1.3,1.7,76.6
108,서울,2022-02-02,-3.4,,60.5
108,서울,2022-02-03,-3.4,,52.4
108,서울,2022-02-04,-5.2,0,53.3
108,서울,2022-02-05,-6.6,,48.8
108,서울,2022-02-06,-3.9,,50.3
108,서울,2022-02-07,-2.5,,51.3
108,서울,2022-02-08,-.1,,53.8
108,서울,2022-02-09,1,,52.3
108,서울,2022-02-10,1.4,,57.8
108,서울,2022-02-11,2.9,,61.1
108,서울,2022-02-12,4.8,,50.4
108,서울,2022-02-13,4.8,,44.9
108,서울,2022-02-14,2.5,1.7,68.3
108,서울,2022-02-15,-4.7,0,58
108,서울,2022-02-16,-7.3,0,50.4
108,서울,2022-02-17,-6.2,,41.6
108,서울,2022-02-18,-1.2,,40.4
108,서울,2022-02-19,-1.7,.1,52.9
108,서울,2022-02-20,-4.8,,41.1
108,서울,2022-02-21,-3,.1,56.3
108,서울,2022-02-22,-4.5,,43.3
108,서울,2022-02-23,-5.6,,38.5
108,서울,2022-02-24,-2.4,,52.4
108,서울,2022-02-25,3,,77.5
108,서울,2022-02-26,5.4,1.1,78.4
108,서울,2022-02-27,3.7,,56.6
108,서울,2022-02-28,6.8,,62.3
108,서울,2022-03-01,5.8,2.3,70.5
108,서울,2022-03-02,3.5,,55.9
108,서울,2022-03-03,5.8,,52.9
108,서울,2022-03-04,6.9,,60.5
108,서울,2022-03-05,2.3,,38.4
108,서울,2022-03-06,1.4,,39.5
108,서울,2022-03-07,2.8,,45.8
108,서울,2022-03-08,6,,56.1
108,서울,2022-03-09,7.1,,69.6
108,서울,2022-03-10,9.3,,51.4
108,서울,2022-03-11,11.2,,58.4
108,서울,2022-03-12,12.8,2.6,72.1
108,서울,2022-03-13,11.7,42.1,95.5
108,서울,2022-03-14,8.2,8.7,90.3
108,서울,2022-03-15,7.2,,72.6
108,서울,2022-03-16,10.3,,62.6
108,서울,2022-03-17,10.7,1.2,62
108,서울,2022-03-18,7.5,0,60.8
108,서울,2022-03-19,3.4,14.6,84.6
108,서울,2022-03-20,5.4,0,66.1
108,서울,2022-03-21,5,,49.5
108,서울,2022-03-22,7.1,,48.9
108,서울,2022-03-23,6.2,,56.8
108,서울,2022-03-24,8.2,,70.6
108,서울,2022-03-25,12,10.9,70
108,서울,2022-03-26,11.8,19.8,80.9
108,서울,2022-03-27,8.1,,49.1
108,서울,2022-03-28,8.2,,35.6
108,서울,2022-03-29,9.7,,52.9
108,서울,2022-03-30,10.8,.4,76.5
108,서울,2022-03-31,10.9,,63.5
108,서울,2022-04-01,9.2,,50.5
108,서울,2022-04-02,8.2,,55
108,서울,2022-04-03,9.6,,55
108,서울,2022-04-04,10.3,,50.3
108,서울,2022-04-05,10.3,,41.1
108,서울,2022-04-06,11.7,,52.3
108,서울,2022-04-07,10.9,,43.5
108,서울,2022-04-08,12.9,,49
108,서울,2022-04-09,17.8,.5,43.8
108,서울,2022-04-10,18.2,,46
108,서울,2022-04-11,19.6,,60.4
108,서울,2022-04-12,19.3,.5,77.9
108,서울,2022-04-13,13.1,1.3,69.3
108,서울,2022-04-14,13.2,,53.4
108,서울,2022-04-15,13.3,,46.8
108,서울,2022-04-16,13.2,,48.5
108,서울,2022-04-17,14,,53.8
108,서울,2022-04-18,15.2,,46.1
108,서울,2022-04-19,15.2,,51.9
108,서울,2022-04-20,15.7,,48.8
108,서울,2022-04-21,16.3,,48.4
108,서울,2022-04-22,15,,76.8
108,서울,2022-04-23,17.7,,57.3
108,서울,2022-04-24,18.5,.3,72.5
108,서울,2022-04-25,20,1.3,80.5
108,서울,2022-04-26,21.9,1,57.9
108,서울,2022-04-27,17.7,,31.5
108,서울,2022-04-28,18.2,0,44
108,서울,2022-04-29,13.4,15.5,70.6
108,서울,2022-04-30,13,,68
108,서울,2022-05-01,13.4,,54.8
108,서울,2022-05-02,14.2,,56.5
108,서울,2022-05-03,14.8,,45.9
108,서울,2022-05-04,17.8,,43.3
108,서울,2022-05-05,18.9,,48.1
108,서울,2022-05-06,19.6,,67.1
108,서울,2022-05-07,18.4,.5,52.4
108,서울,2022-05-08,15.3,2,51.8
108,서울,2022-05-09,17.9,,56.4
108,서울,2022-05-10,19.9,0,39
108,서울,2022-05-11,19.7,0,50.4
108,서울,2022-05-12,20.9,,51.5
108,서울,2022-05-13,19.4,,45.8
108,서울,2022-05-14,15.7,,45.5
108,서울,2022-05-15,16.2,,39.8
108,서울,2022-05-16,17.3,,56.3
108,서울,2022-05-17,20,,60.1
108,서울,2022-05-18,20,1.5,59.4
108,서울,2022-05-19,19.9,,53.6
108,서울,2022-05-20,20.6,,52.8
108,서울,2022-05-21,20.1,,70.8
108,서울,2022-05-22,20.3,,70.9
108,서울,2022-05-23,23,,63.5
108,서울,2022-05-24,22.9,,56.8
108,서울,2022-05-25,21,3.5,66.6
108,서울,2022-05-26,18.7,0,59.9
108,서울,2022-05-27,20,0,62.5
108,서울,2022-05-28,22.3,,54.1
108,서울,2022-05-29,23.1,,66.4
108,서울,2022-05-30,20.8,0,71
108,서울,2022-05-31,20.7,,42.4
108,서울,2022-06-01,22.1,,41.6
108,서울,2022-06-02,21.5,,67.4
108,서울,2022-06-03,24.5,,62.8
108,서울,2022-06-04,25.6,,57
108,서울,2022-06-05,22.7,0,59.8
108,서울,2022-06-06,19.7,4.3,69
108,서울,2022-06-07,20.6,0,54.5
108,서울,2022-06-08,21.2,,61.6
108,서울,2022-06-09,20.9,2.6,76.1
108,서울,2022-06-10,20.9,1.2,75.8
108,서울,2022-06-11,24.6,,59.6
108,서울,2022-06-12,24.6,,58.9
108,서울,2022-06-13,23.6,18,68.5
108,서울,2022-06-14,21.5,0,56.4
108,서울,2022-06-15,17.5,18.5,92.4
108,서울,2022-06-16,20.3,.7,78.4
108,서울,2022-06-17,22.5,,76.4
108,서울,2022-06-18,23.3,0,79.6
108,서울,2022-06-19,23.4,,81.6
108,서울,2022-06-20,25.2,,76.6
108,서울,2022-06-21,26.5,,72.6
108,서울,2022-06-22,25.9,,71.1
108,서울,2022-06-23,24.3,103,89.1
108,서울,2022-06-24,22.6,19.1,90.9
108,서울,2022-06-25,26,,80.4
108,서울,2022-06-26,26.5,,82.1
108,서울,2022-06-27,26.8,6.1,84.4
108,서울,2022-06-28,26.9,6.3,81.9
108,서울,2022-06-29,25.1,37.8,95.5
108,서울,2022-06-30,22.3,176.2,99.3
108,서울,2022-07-01,26.6,,83.3
108,서울,2022-07-02,28.8,,72.8
108,서울,2022-07-03,29.3,,68.6
108,서울,2022-07-04,29.3,0,71.8
108,서울,2022-07-05,29.2,0,73.8
108,서울,2022-07-06,29.5,16.1,76
108,서울,2022-07-07,28.2,0,82.3
108,서울,2022-07-08,25.8,1.7,84.4
108,서울,2022-07-09,26.9,.1,82.1
108,서울,2022-07-10,29.2,0,68
108,서울,2022-07-11,27,9,75
108,서울,2022-07-12,26.8,,73.1
108,서울,2022-07-13,25,114.5,93.9
108,서울,2022-07-14,25.7,.9,84.6
108,서울,2022-07-15,26,,76.5
108,서울,2022-07-16,24.8,34,83.4
108,서울,2022-07-17,25.5,0,78.9
108,서울,2022-07-18,26.8,,76
108,서울,2022-07-19,27.4,,74.1
108,서울,2022-07-20,27.1,1.1,76.1
108,서울,2022-07-21,23.2,10.4,87.6
108,서울,2022-07-22,25.1,5.2,81.5
108,서울,2022-07-23,24.8,9.9,83.6
108,서울,2022-07-24,25,1.2,86.9
108,서울,2022-07-25,27.5,,75
108,서울,2022-07-26,28.9,,72.5
108,서울,2022-07-27,29.3,,66.3
108,서울,2022-07-28,29.7,,63.8
108,서울,2022-07-29,30.7,,68.1
108,서울,2022-07-30,30.9,1,68.4
108,서울,2022-07-31,27.2,47.2,85.8
108,서울,2022-08-01,28.6,30,82.4
108,서울,2022-08-02,26.8,33.5,90
108,서울,2022-08-03,27.1,51.1,90.1
108,서울,2022-08-04,28.9,0,79.3
108,서울,2022-08-05,29.4,0,76.6
108,서울,2022-08-06,28.7,13.6,85.3
108,서울,2022-08-07,28.9,.9,82.1
108,서울,2022-08-08,26.8,129.6,91.6
108,서울,2022-08-09,25.1,123.1,96
108,서울,2022-08-10,24.7,7.6,85.3
108,서울,2022-08-11,25,38.8,87.9
108,서울,2022-08-12,27,,73.8
108,서울,2022-08-13,25.8,4,82.8
108,서울,2022-08-14,27.6,3,83
108,서울,2022-08-15,28.1,.9,83
108,서울,2022-08-16,26.7,0,75.4
108,서울,2022-08-17,26,0,76.6
108,서울,2022-08-18,25.6,,75.8
108,서울,2022-08-19,26,66.1,86.1
108,서울,2022-08-20,28.2,0,80
108,서울,2022-08-21,28.1,,75.3
108,서울,2022-08-22,26.8,3.2,75.6
108,서울,2022-08-23,25.4,2.2,75
108,서울,2022-08-24,24.8,,66.9
108,서울,2022-08-25,22.2,1.6,78
108,서울,2022-08-26,23.8,,75.3
108,서울,2022-08-27,21.5,17.6,63.1
108,서울,2022-08-28,22.6,,59.4
108,서울,2022-08-29,21,2.2,74
108,서울,2022-08-30,19.1,35.8,96.3
108,서울,2022-08-31,21.7,0,83.3
108,서울,2022-09-01,24,,70.8
108,서울,2022-09-02,24.7,,61.8
108,서울,2022-09-03,24.2,,63
108,서울,2022-09-04,22.3,33.8,88.6
108,서울,2022-09-05,19.2,120,95.9
108,서울,2022-09-06,21,25.3,78
108,서울,2022-09-07,22.8,,65.3
108,서울,2022-09-08,23.2,,65.5
108,서울,2022-09-09,24.3,,59.1
108,서울,2022-09-10,23.6,,52.3
108,서울,2022-09-11,23.3,.1,68.6
108,서울,2022-09-12,23.8,,76.1
108,서울,2022-09-13,24.3,0,73
108,서울,2022-09-14,24.6,0,56.9
108,서울,2022-09-15,25.2,.1,66.9
108,서울,2022-09-16,25.7,14.6,78.6
108,서울,2022-09-17,25.6,4.3,83.1
108,서울,2022-09-18,27.1,,75.3
108,서울,2022-09-19,24.6,,63.1
108,서울,2022-09-20,19.9,,57
108,서울,2022-09-21,19.4,,56.9
108,서울,2022-09-22,19.8,,60.1
108,서울,2022-09-23,17.5,3.3,68.9
108,서울,2022-09-24,18.5,,64.6
108,서울,2022-09-25,19.6,,63.3
108,서울,2022-09-26,20,,58.5
108,서울,2022-09-27,20.9,,59
108,서울,2022-09-28,20.4,,71
108,서울,2022-09-29,20.4,,73.5
108,서울,2022-09-30,20.7,,68
108,서울,2022-10-01,20.9,,63.3
108,서울,2022-10-02,19.4,15.8,78.9
108,서울,2022-10-03,21.4,76,98.5
108,서울,2022-10-04,17.9,11.8,83.8
108,서울,2022-10-05,16.6,.1,74.8
108,서울,2022-10-06,15.8,0,76.6
108,서울,2022-10-07,14.3,,69.5
108,서울,2022-10-08,15.8,,64.6
108,서울,2022-10-09,13.1,20.4,85.8
108,서울,2022-10-10,9.9,0,72.9
108,서울,2022-10-11,11.1,,69.1
108,서울,2022-10-12,13.5,,68.1
108,서울,2022-10-13,16.3,,69.6
108,서울,2022-10-14,17.1,,73.4
108,서울,2022-10-15,18.2,,68.5
108,서울,2022-10-16,16.9,,73.9
108,서울,2022-10-17,11.2,,50.3
108,서울,2022-10-18,9.4,,52.1
108,서울,2022-10-19,10.5,,57.8
108,서울,2022-10-20,12.9,,64.4
108,서울,2022-10-21,14,,68.8
108,서울,2022-10-22,15.1,,76.3
108,서울,2022-10-23,14,,65
108,서울,2022-10-24,10.6,,52.6
108,서울,2022-10-25,11.3,,56.5
108,서울,2022-10-26,12.9,,58.3
108,서울,2022-10-27,13.2,,71.8
108,서울,2022-10-28,13.6,,70.1
108,서울,2022-10-29,14.8,,65.9
108,서울,2022-10-30,14.9,,64.5
108,서울,2022-10-31,14.9,,69.8
108,서울,2022-11-01,13.1,,73.5
108,서울,2022-11-02,11.1,,57.1
108,서울,2022-11-03,9.3,0,58.1
108,서울,2022-11-04,4.9,,41.8
108,서울,2022-11-05,6.5,,51.3
108,서울,2022-11-06,9.6,,60.5
108,서울,2022-11-07,11.4,0,64.5
108,서울,2022-11-08,12.9,,68.3
108,서울,2022-11-09,11.4,,76
108,서울,2022-11-10,13.5,,74.5
108,서울,2022-11-11,15.6,,62.5
108,서울,2022-11-12,16.3,57.9,80
108,서울,2022-11-13,10.3,,85.6
108,서울,2022-11-14,9.7,,74.8
108,서울,2022-11-15,8.1,1.6,77.4
108,서울,2022-11-16,8.5,,71.3
108,서울,2022-11-17,10.2,,64.6
108,서울,2022-11-18,11,,69.6
108,서울,2022-11-19,12.9,,55.8
108,서울,2022-11-20,13.7,,58.3
108,서울,2022-11-21,11.8,,70.5
108,서울,2022-11-22,10.7,0,69.9
108,서울,2022-11-23,10.8,0,56
108,서울,2022-11-24,9.4,,65.6
108,서울,2022-11-25,12.3,1.7,67.1
108,서울,2022-11-26,6.7,,52.4
108,서울,2022-11-27,5.4,,43.1
108,서울,2022-11-28,12.3,19.5,65.5
108,서울,2022-11-29,6.9,3.8,67
108,서울,2022-11-30,-5.4,,49.1
108,서울,2022-12-01,-5.4,,43.4
108,서울,2022-12-02,-2.5,,42
108,서울,2022-12-03,2.1,1.1,70.5
108,서울,2022-12-04,-3.5,,38.9
108,서울,2022-12-05,-3.1,,41.9
108,서울,2022-12-06,.9,.1,62.8
108,서울,2022-12-07,4.9,.1,60.4
108,서울,2022-12-08,3.7,,57.5
108,서울,2022-12-09,4.5,0,60.8
108,서울,2022-12-10,2.6,,46.5
108,서울,2022-12-11,1.6,,52.5
108,서울,2022-12-12,2,5.4,73.4
108,서울,2022-12-13,0,.6,70.8
108,서울,2022-12-14,-8.4,,50.1
108,서울,2022-12-15,-4.5,2.4,79.1
108,서울,2022-12-16,-6.3,,56.9
108,서울,2022-12-17,-7,.2,52
108,서울,2022-12-18,-9.5,,47.1
108,서울,2022-12-19,-7,,55.6
108,서울,2022-12-20,-3.2,,55.8
108,서울,2022-12-21,-.1,3.6,82.4
108,서울,2022-12-22,-7.8,,60.5
108,서울,2022-12-23,-11.8,,60.5
108,서울,2022-12-24,-8.4,,54.9
108,서울,2022-12-25,-5.4,,66.5
108,서울,2022-12-26,-3.9,,68.4
108,서울,2022-12-27,-2.6,,69.8
108,서울,2022-12-28,-3.3,.1,58.1
108,서울,2022-12-29,-2.9,0,56.3
108,서울,2022-12-30,-1.8,0,65.6
108,서울,2022-12-31,-1.2,0,65.5
